segment_type,segment_key,segment_sort,eligible_orders,late_orders,late_delivery_rate,reviewed_orders,without_usable_review,review_coverage,negative_review_orders,negative_review_rate,avg_review_score,early_reviewed_orders,early_negative_review_orders,early_negative_review_rate,on_time_reviewed_orders,late_reviewed_orders,late_negative_review_orders,late_negative_review_rate,gmv,multi_category_orders,is_low_sample
customer_state,SP,0,40494,1820,0.044944930113103174,39837,657,0.9837753741295007,4223,0.1060069784371313,4.2491151442126665,37512,3184,0.08487950522499467,557,1768,962,0.5441176470588235,5066562.98,321,False
customer_state,RJ,0,12350,1495,0.12105263157894737,12055,295,0.9761133603238866,2183,0.18108668602239736,3.972874326005807,10454,1118,0.1069447101587909,166,1435,1044,0.7275261324041812,1759651.13,119,False
customer_state,MG,0,11354,519,0.04571076272679232,11162,192,0.9830896600317068,1294,0.115929044974019,4.197814011825837,10548,989,0.09376185058778916,114,500,293,0.586,1552481.83,101,False
customer_state,RS,0,5344,325,0.06081586826347305,5263,81,0.9848428143712575,620,0.11780353410602318,4.190575717271519,4892,414,0.08462796402289452,57,314,202,0.643312101910828,728718.47,58,False
customer_state,BA,0,3256,396,0.12162162162162163,3195,61,0.9812653562653563,543,0.1699530516431925,3.9344287949921752,2756,306,0.11103047895500726,59,380,230,0.6052631578947368,493584.14,24,False
customer_state,PR,0,4923,199,0.04042250660166565,4852,71,0.9855778996546821,520,0.10717230008244023,4.2475267930750205,4616,417,0.09033795493934142,46,190,98,0.5157894736842106,666063.51,39,False
customer_state,SC,0,3546,291,0.08206429780033841,3489,57,0.9839255499153976,448,0.1284035540269418,4.139294926913156,3155,277,0.08779714738510301,55,279,166,0.5949820788530465,507012.13,27,False
customer_state,ES,0,1995,214,0.10726817042606517,1957,38,0.9809523809523809,269,0.13745528870720491,4.079202861522739,1724,153,0.08874709976798144,29,204,114,0.5588235294117647,268643.45,11,False
customer_state,DF,0,2080,118,0.05673076923076923,2038,42,0.9798076923076923,266,0.13052011776251227,4.140333660451423,1897,179,0.09435951502372167,27,114,83,0.7280701754385965,296498.41,12,False
customer_state,GO,0,1957,128,0.06540623403168115,1918,39,0.9800715380684721,252,0.13138686131386862,4.104014598540146,1765,171,0.09688385269121813,29,124,79,0.6370967741935484,282836.7,23,False
customer_state,PE,0,1593,153,0.096045197740113,1569,24,0.9849340866290018,234,0.1491395793499044,4.079668578712556,1401,126,0.08993576017130621,19,149,105,0.7046979865771812,251889.49,5,False
customer_state,CE,0,1279,176,0.1376075058639562,1268,11,0.9913995308835027,215,0.1695583596214511,3.949526813880126,1074,92,0.0856610800744879,20,174,119,0.6839080459770115,219757.38,8,False
customer_state,PA,0,946,106,0.11205073995771671,915,31,0.96723044397463,163,0.17814207650273223,3.919125683060109,806,90,0.11166253101736973,11,98,72,0.7346938775510204,174470.59,5,False
customer_state,MA,0,717,125,0.17433751743375175,700,17,0.9762900976290098,142,0.20285714285714285,3.817142857142857,564,62,0.1099290780141844,14,122,79,0.6475409836065574,117009.38,4,False
customer_state,MT,0,886,53,0.05981941309255079,872,14,0.9841986455981941,110,0.12614678899082568,4.14908256880734,814,82,0.10073710073710074,7,51,27,0.5294117647058824,152191.62,8,False
customer_state,MS,0,701,68,0.09700427960057062,689,12,0.9828815977175464,93,0.13497822931785197,4.149492017416546,608,51,0.08388157894736842,13,68,41,0.6029411764705882,115429.97,3,False
customer_state,AL,0,397,85,0.2141057934508816,392,5,0.9874055415617129,82,0.20918367346938777,3.864795918367347,301,27,0.08970099667774087,10,81,54,0.6666666666666666,78855.72,0,False
customer_state,PB,0,517,54,0.10444874274661509,508,9,0.9825918762088974,76,0.14960629921259844,4.068897637795276,453,44,0.09713024282560706,3,52,32,0.6153846153846154,112586.82,1,False
customer_state,PI,0,476,66,0.13865546218487396,467,9,0.9810924369747899,76,0.16274089935760172,3.9850107066381155,394,33,0.08375634517766498,10,63,41,0.6507936507936508,84721.0,3,False
customer_state,SE,0,335,51,0.15223880597014924,329,6,0.982089552238806,63,0.19148936170212766,3.896656534954407,279,29,0.1039426523297491,0,50,34,0.68,56574.19,1,False
customer_state,RN,0,474,44,0.09282700421940929,467,7,0.9852320675105485,61,0.13062098501070663,4.143468950749464,417,28,0.0671462829736211,7,43,32,0.7441860465116279,82105.66,3,False
customer_state,TO,0,274,27,0.09854014598540146,269,5,0.9817518248175182,31,0.11524163568773234,4.171003717472119,234,18,0.07692307692307693,8,27,12,0.4444444444444444,48402.51,1,False
customer_state,RO,0,243,7,0.02880658436213992,236,7,0.9711934156378601,29,0.1228813559322034,4.177966101694915,229,25,0.1091703056768559,0,7,4,0.5714285714285714,45682.76,2,False
customer_state,AM,0,145,4,0.027586206896551724,142,3,0.9793103448275862,19,0.13380281690140844,4.232394366197183,136,16,0.11764705882352941,2,4,3,0.75,22155.84,0,False
customer_state,AC,0,80,3,0.0375,78,2,0.975,10,0.1282051282051282,4.141025641025641,75,8,0.10666666666666667,0,3,2,0.6666666666666666,15930.97,1,True
customer_state,RR,0,41,5,0.12195121951219512,41,0,1.0,6,0.14634146341463414,3.902439024390244,36,2,0.05555555555555555,0,5,4,0.8,7057.47,0,True
customer_state,AP,0,67,2,0.029850746268656716,66,1,0.9850746268656716,4,0.06060606060606061,4.242424242424242,63,4,0.06349206349206349,1,2,0,0.0,13374.81,0,True
gmv_band,100_199,3,25307,1806,0.07136365432489035,24912,395,0.9843916702888529,3319,0.13322896596017983,4.142702312138728,22856,2176,0.0952047602380119,318,1738,1103,0.6346375143843498,3636107.07,305,False
gmv_band,50_99,2,27726,1847,0.06661617254562505,27177,549,0.9801990911058213,3313,0.12190455164293336,4.172480406225853,25043,2180,0.08705027352952921,351,1783,1094,0.6135726303982053,2091912.98,155,False
gmv_band,lt_50,1,28790,1731,0.06012504341785342,28286,504,0.9824939215005211,3088,0.109170614438238,4.22076292158665,26190,2017,0.07701412752959144,414,1682,1018,0.6052318668252081,916545.81,55,False
gmv_band,200_plus,4,14647,1150,0.07851437154366082,14399,248,0.9830682050931931,2312,0.16056670602125148,4.047433849572887,13114,1572,0.11987189263382644,181,1104,717,0.6494565217391305,6575683.07,265,False
product_category,bed_bath_table,0,9206,687,0.07462524440582229,8919,287,0.9688246795568107,1389,0.15573494786411032,4.014911985648616,8157,964,0.11818070369008214,119,643,414,0.6438569206842923,1029620.27,137,False
product_category,health_beauty,0,8614,649,0.07534246575342465,8472,142,0.9835152078012538,958,0.11307837582625117,4.234301227573182,7720,566,0.0733160621761658,123,629,383,0.6089030206677265,1234056.51,38,False
product_category,computers_accessories,0,6512,417,0.06403562653562654,6381,131,0.9798832923832924,909,0.14245416078984485,4.091991850807084,5899,652,0.11052720800135617,84,398,243,0.6105527638190955,890002.45,34,False
product_category,furniture_decor,0,6190,448,0.07237479806138934,6020,170,0.9725363489499192,882,0.14651162790697675,4.0893687707641195,5507,603,0.1094970038133285,83,430,263,0.6116279069767442,709770.47,87,False
product_category,sports_leisure,0,7491,494,0.06594580162862101,7340,151,0.9798424776398345,819,0.11158038147138964,4.236444141689374,6774,500,0.07381163271331562,85,481,313,0.6507276507276507,954214.99,34,False
product_category,watches_gifts,0,5475,406,0.07415525114155251,5414,61,0.9888584474885844,736,0.13594384927964537,4.124676763945327,4958,477,0.09620814844695441,61,395,247,0.6253164556962025,1166619.18,22,False
product_category,housewares,0,5680,308,0.054225352112676053,5609,71,0.9875,640,0.11410233553218042,4.208504189695133,5219,445,0.08526537650890975,90,300,186,0.62,615111.33,53,False
product_category,telephony,0,4073,291,0.07144610851951878,4039,34,0.9916523447090596,560,0.1386481802426343,4.061648923000742,3695,394,0.10663058186738836,57,287,160,0.5574912891986062,309502.39,7,False
product_category,auto,0,3791,278,0.07333157478237932,3750,41,0.9891849116328145,478,0.12746666666666667,4.1544,3430,310,0.09037900874635568,49,271,164,0.6051660516605166,579078.13,18,False
product_category,toys,0,3788,243,0.06414994720168955,3729,59,0.9844244984160507,418,0.11209439528023599,4.244167337087691,3460,260,0.07514450867052024,43,226,152,0.672566371681416,472059.95,36,False
product_category,garden_tools,0,3407,225,0.06604050484297036,3373,34,0.99002054593484,398,0.11799584939223244,4.197153868959384,3105,250,0.08051529790660225,48,220,138,0.6272727272727273,469302.36,30,False
product_category,cool_stuff,0,3528,209,0.05924036281179138,3489,39,0.9889455782312925,378,0.10834049871023216,4.233161364287762,3254,246,0.07559926244622003,31,204,129,0.6323529411764706,609986.77,36,False
product_category,baby,0,2757,224,0.08124773304316286,2720,37,0.9865796155241204,374,0.1375,4.122426470588235,2474,225,0.09094583670169766,31,215,146,0.6790697674418604,400469.13,41,False
product_category,perfumery,0,3070,202,0.06579804560260587,3044,26,0.9915309446254071,351,0.11530880420499343,4.268725361366623,2819,223,0.07910606598084427,26,199,127,0.6381909547738693,389510.63,11,False
product_category,electronics,0,2503,192,0.07670795045944866,2476,27,0.98921294446664,319,0.12883683360258483,4.135702746365105,2232,199,0.08915770609318996,54,190,114,0.6,155368.72,9,False
product_category,office_furniture,0,1251,101,0.08073541167066348,1227,24,0.9808153477218226,268,0.21841890790546048,3.65158924205379,1116,206,0.18458781362007168,13,98,61,0.6224489795918368,268979.97,12,False
product_category,unknown,0,1353,97,0.07169253510716925,1331,22,0.983739837398374,219,0.16453794139744554,4.041322314049586,1213,148,0.12201154163231658,23,95,66,0.6947368421052632,169099.68,21,False
product_category,stationery,0,2243,148,0.06598305840392332,2216,27,0.9879625501560411,212,0.09566787003610108,4.30956678700361,2044,119,0.05821917808219178,27,145,90,0.6206896551724138,223629.06,12,False
product_category,fashion_bags_accessories,0,1811,101,0.05577029265599116,1764,47,0.9740474875759249,175,0.0992063492063492,4.254251700680272,1647,111,0.06739526411657559,18,99,61,0.6161616161616161,149303.29,10,False
product_category,pet_shop,0,1681,85,0.05056513979773944,1666,15,0.991076740035693,175,0.10504201680672269,4.278511404561825,1563,123,0.07869481765834933,20,83,50,0.6024096385542169,211725.38,8,False
product_category,consoles_games,0,1013,62,0.06120434353405726,1001,12,0.9881539980256664,109,0.1088911088911089,4.187312687312687,921,70,0.07600434310532031,21,59,36,0.6101694915254238,148115.45,3,False
product_category,construction_tools_construction,0,727,54,0.07427785419532325,717,10,0.9862448418156808,90,0.12552301255230125,4.154811715481172,655,58,0.08854961832061069,13,49,32,0.6530612244897959,142377.81,8,False
product_category,luggage_accessories,0,1014,43,0.04240631163708087,1008,6,0.9940828402366864,82,0.08134920634920635,4.371031746031746,954,55,0.057651991614255764,12,42,26,0.6190476190476191,138918.18,10,False
product_category,home_construction,0,470,29,0.06170212765957447,464,6,0.9872340425531915,74,0.15948275862068967,4.032327586206897,426,56,0.13145539906103287,9,29,16,0.5517241379310345,81503.78,13,False
product_category,audio,0,344,41,0.11918604651162791,341,3,0.9912790697674418,73,0.21407624633431085,3.8475073313782993,297,42,0.1414141414141414,4,40,31,0.775,49981.61,2,False
product_category,home_appliances,0,747,33,0.04417670682730924,667,80,0.892904953145917,70,0.10494752623688156,4.22863568215892,621,49,0.07890499194847021,15,31,18,0.5806451612903226,78832.48,0,False
product_category,musical_instruments,0,607,46,0.0757825370675453,601,6,0.9901153212520593,69,0.11480865224625623,4.241264559068219,547,36,0.06581352833638025,8,46,32,0.6956521739130435,184300.01,4,False
product_category,small_appliances,0,607,29,0.047775947281713346,599,8,0.9868204283360791,69,0.11519198664440734,4.260434056761269,562,54,0.09608540925266904,9,28,13,0.4642857142857143,182435.01,4,False
product_category,home_confort,0,354,35,0.09887005649717515,349,5,0.9858757062146892,62,0.17765042979942694,3.9398280802292263,311,43,0.1382636655948553,3,35,19,0.5428571428571428,55220.12,12,False
product_category,furniture_living_room,0,408,31,0.07598039215686274,396,12,0.9705882352941176,55,0.1388888888888889,4.070707070707071,363,35,0.09641873278236915,4,29,18,0.6206896551724138,67822.35,10,False
product_category,food,0,435,31,0.07126436781609195,427,8,0.9816091954022989,42,0.09836065573770492,4.334894613583138,384,24,0.0625,13,30,18,0.6,28402.4,2,False
product_category,fixed_telephony,0,212,10,0.04716981132075472,209,3,0.9858490566037735,35,0.1674641148325359,3.9665071770334928,199,28,0.1407035175879397,1,9,7,0.7777777777777778,55394.69,2,False
product_category,air_conditioning,0,245,10,0.04081632653061224,236,9,0.963265306122449,32,0.13559322033898305,4.135593220338983,227,26,0.1145374449339207,0,9,6,0.6666666666666666,53316.66,1,False
product_category,books_general_interest,0,492,32,0.06504065040650407,487,5,0.9898373983739838,30,0.061601642710472276,4.540041067761807,454,16,0.03524229074889868,2,31,14,0.45161290322580644,45269.25,2,False
product_category,market_place,0,268,11,0.041044776119402986,263,5,0.9813432835820896,29,0.11026615969581749,4.1216730038022815,250,24,0.096,2,11,5,0.45454545454545453,27417.97,6,False
product_category,home_appliances_2,0,227,14,0.06167400881057269,219,8,0.9647577092511013,28,0.1278538812785388,4.136986301369863,203,17,0.08374384236453201,2,14,11,0.7857142857142857,107995.85,1,False
product_category,drinks,0,281,15,0.05338078291814947,280,1,0.99644128113879,27,0.09642857142857143,4.246428571428571,261,17,0.06513409961685823,4,15,10,0.6666666666666666,21530.46,2,False
product_category,art,0,192,12,0.0625,189,3,0.984375,25,0.13227513227513227,4.126984126984127,174,18,0.10344827586206896,3,12,7,0.5833333333333334,23598.66,3,False
product_category,books_technical,0,254,21,0.08267716535433071,252,2,0.9921259842519685,24,0.09523809523809523,4.420634920634921,224,17,0.07589285714285714,7,21,7,0.3333333333333333,18710.2,2,False
product_category,construction_tools_safety,0,154,4,0.025974025974025976,153,1,0.9935064935064936,24,0.1568627450980392,4.019607843137255,146,20,0.136986301369863,3,4,4,1.0,38479.61,2,False
product_category,fashion_male_clothing,0,106,5,0.04716981132075472,104,2,0.9811320754716981,24,0.23076923076923078,3.8173076923076925,101,21,0.2079207920792079,0,3,3,1.0,10452.33,0,False
product_category,kitchen_dining_laundry_garden_furniture,0,237,11,0.046413502109704644,232,5,0.9789029535864979,24,0.10344827586206896,4.155172413793103,221,18,0.08144796380090498,0,11,6,0.5454545454545454,45440.34,2,False
product_category,fashion_shoes,0,233,11,0.04721030042918455,225,8,0.9656652360515021,23,0.10222222222222223,4.302222222222222,213,15,0.07042253521126761,3,9,7,0.7777777777777778,22932.66,0,False
product_category,agro_industry_and_commerce,0,177,7,0.03954802259887006,177,0,1.0,22,0.12429378531073447,4.107344632768362,168,16,0.09523809523809523,2,7,6,0.8571428571428571,70566.1,0,False
product_category,industry_commerce_and_business,0,228,16,0.07017543859649122,224,4,0.9824561403508771,22,0.09821428571428571,4.241071428571429,206,15,0.07281553398058252,3,15,6,0.4,37859.71,1,False
product_category,costruction_tools_garden,0,187,10,0.053475935828877004,185,2,0.9893048128342246,21,0.11351351351351352,4.275675675675676,172,16,0.09302325581395349,3,10,4,0.4,25655.23,9,False
product_category,computers,0,177,10,0.05649717514124294,174,3,0.9830508474576272,20,0.11494252873563218,4.224137931034483,163,13,0.07975460122699386,3,8,6,0.75,218761.94,1,False
product_category,construction_tools_lights,0,229,15,0.06550218340611354,224,5,0.9781659388646288,20,0.08928571428571429,4.223214285714286,203,11,0.054187192118226604,6,15,8,0.5333333333333333,38992.43,5,False
product_category,fashion_underwear_beach,0,117,11,0.09401709401709402,114,3,0.9743589743589743,19,0.16666666666666666,3.991228070175439,99,8,0.08080808080808081,4,11,9,0.8181818181818182,9305.95,0,False
product_category,signaling_and_security,0,137,6,0.043795620437956206,134,3,0.9781021897810219,15,0.11194029850746269,4.126865671641791,127,12,0.09448818897637795,2,5,3,0.6,21239.15,0,False
product_category,christmas_supplies,0,125,10,0.08,123,2,0.984,14,0.11382113821138211,4.1138211382113825,112,9,0.08035714285714286,2,9,4,0.4444444444444444,8753.84,1,False
product_category,furniture_bedroom,0,90,6,0.06666666666666667,89,1,0.9888888888888889,11,0.12359550561797752,4.247191011235955,82,6,0.07317073170731707,1,6,5,0.8333333333333334,19182.94,3,True
product_category,tablets_printing_image,0,78,4,0.05128205128205128,76,2,0.9743589743589743,10,0.13157894736842105,4.144736842105263,72,8,0.1111111111111111,1,3,2,0.6666666666666666,7540.31,2,True
product_category,food_drink,0,218,8,0.03669724770642202,212,6,0.9724770642201835,9,0.04245283018867924,4.443396226415095,198,4,0.020202020202020204,6,8,4,0.5,14873.57,1,False
product_category,costruction_tools_tools,0,97,6,0.061855670103092786,94,3,0.9690721649484536,8,0.0851063829787234,4.425531914893617,89,6,0.06741573033707865,0,5,2,0.4,15903.95,0,True
product_category,dvds_blu_ray,0,55,4,0.07272727272727272,55,0,1.0,8,0.14545454545454545,4.181818181818182,51,4,0.0784313725490196,0,4,4,1.0,4557.59,1,True
product_category,cine_photo,0,62,4,0.06451612903225806,62,0,1.0,6,0.0967741935483871,4.387096774193548,57,4,0.07017543859649122,1,4,2,0.5,6760.37,1,True
product_category,furniture_mattress_and_upholstery,0,37,5,0.13513513513513514,34,3,0.918918918918919,6,0.17647058823529413,3.911764705882353,29,3,0.10344827586206896,0,5,3,0.6,4323.38,0,True
product_category,party_supplies,0,37,0,0.0,37,0,1.0,6,0.16216216216216217,4.081081081081081,36,6,0.16666666666666666,1,0,0,,4385.29,0,True
product_category,books_imported,0,50,2,0.04,50,0,1.0,5,0.1,4.44,48,3,0.0625,0,2,2,1.0,4431.36,1,True
product_category,fashio_female_clothing,0,35,2,0.05714285714285714,35,0,1.0,5,0.14285714285714285,3.9714285714285715,33,4,0.12121212121212122,0,2,1,0.5,2570.04,0,True
product_category,small_appliances_home_oven_and_coffee,0,72,4,0.05555555555555555,71,1,0.9861111111111112,5,0.07042253521126761,4.422535211267606,66,3,0.045454545454545456,1,4,2,0.5,46589.56,0,True
product_category,home_comfort_2,0,22,3,0.13636363636363635,21,1,0.9545454545454546,4,0.19047619047619047,3.9047619047619047,17,1,0.058823529411764705,1,3,2,0.6666666666666666,734.47,0,True
product_category,diapers_and_hygiene,0,25,0,0.0,25,0,1.0,3,0.12,3.96,24,3,0.125,1,0,0,,1500.79,0,True
product_category,portateis_cozinha_e_preparadores_de_alimentos,0,13,1,0.07692307692307693,13,0,1.0,3,0.23076923076923078,3.6153846153846154,12,3,0.25,0,1,0,0.0,3933.63,0,True
product_category,arts_and_craftmanship,0,22,1,0.045454545454545456,22,0,1.0,2,0.09090909090909091,4.318181818181818,20,0,0.0,1,1,1,1.0,1824.08,1,True
product_category,fashion_sport,0,25,1,0.04,25,0,1.0,2,0.08,4.44,23,2,0.08695652173913043,1,1,0,0.0,2099.52,1,True
product_category,la_cuisine,0,13,0,0.0,11,2,0.8461538461538461,2,0.18181818181818182,4.181818181818182,11,2,0.18181818181818182,0,0,0,,2166.98,2,True
product_category,music,0,36,2,0.05555555555555555,35,1,0.9722222222222222,2,0.05714285714285714,4.371428571428571,32,0,0.0,1,2,2,1.0,5956.48,0,True
product_category,pc_gamer,0,7,0,0.0,7,0,1.0,2,0.2857142857142857,3.4285714285714284,7,2,0.2857142857142857,0,0,0,,1331.95,1,True
product_category,flowers,0,28,1,0.03571428571428571,27,1,0.9642857142857143,1,0.037037037037037035,4.518518518518518,26,0,0.0,0,1,1,1.0,1066.54,1,True
product_category,security_and_services,0,2,0,0.0,2,0,1.0,1,0.5,2.5,2,1,0.5,0,0,0,,283.29,0,True
product_category,cds_dvds_musicals,0,12,0,0.0,12,0,1.0,0,0.0,4.666666666666667,12,0,0.0,0,0,0,,730.0,0,True
product_category,fashion_childrens_clothes,0,6,0,0.0,6,0,1.0,0,0.0,5.0,6,0,0.0,0,0,0,,509.95,1,True
purchase_sequence,first_order,1,93248,6344,0.06803363074811256,92113,1135,0.9878281571722718,11762,0.1276909882427019,4.156112600827245,84720,7759,0.09158404154863078,1230,6163,3850,0.6246957650494889,12819802.25,727,False
purchase_sequence,repeat_order,2,3222,190,0.058969584109248914,2661,561,0.8258845437616388,270,0.10146561443066517,4.296880871852687,2483,186,0.07490938380990737,34,144,82,0.5694444444444444,400446.68,53,False
